131070001,prathamesh15,prathamesh15@gmail.com
131070002,kamal.dev,kamal.dev@gmail.com
131070005,mohsin786,mohsinm@yahoo.com
131070006,ketkikinage,ketkikinage94@gmail.com
131070007,catchdeepak,catchdeepak@yahoo.com
131070008,apoorva178,apoorva178@gmail.com
131070009,dhirajgandhi,ddgandhi@yahoo.com
131070010,parthpatel222,parthpatel222@gmail.com
