RCID,InstituteName,First Name,Last Name,Email,Designation,Role,Course,Status
1007,"Amrita School of Engineering, Amritapuri",Br,Sudeep,sudeep@am.amrita.edu,Director,Head,,
1009,"Veermata Jijabai Technological Institute, Matunga",O.G,Kakde,directorvjti@vjti.org.in,Director,Head,,
1012,"G. H. Raisoni College of Engineering, Nagpur",Preeti,Bajaj,principal.ghrce@raisoni.net,Principal,Head,,
1013,"Mepco Schlenk Engineering College, Sivakasi",S.K.,Somani,sksomani123@yahoo.com,Director,Head,,
1016,"K. J. Somaiya College of Engineering, Vidyavihar",Shubha,Pandit,principal.engg@somaiya.edu,Principal,Head,,
1018,"Samrat Ashok Technological Institute, Vidisha",Lokesh,Vajpayee,director@satiengg.org,Director,Head,,
1025,"National Institute of Technology, Warangal",T.Srinivasax,Rao,director@nitw.ac.in,Director,Head,,
1040,"College of Engineering, Pune",Anild,Sahasrabudhe,director@coep.ac.in,Director,Head,,
1073,"Bannari Amman Institute of Technology, Erode",D.,Saravanan,principal@bitsathy.ac.in,Principal,Head,,
1076,"Devi Ahilya University, Institute of Engineering and Technology, Indore",Sanjiv,Tokekar,sanjivtokekar@yahoo.com,Director,Head,,
1080,"Gokaraju Rangaraju Institute of Engineering and Technology, Hyderabad",J.N.,Murthy,principal@griet.ac.in,Principal,Head,,
1103,"NMIMS MPSTME, Shirpur",Manojkumarv.,Deshpande,manojkumar.deshpande@nmims.edu,Director,Head,,
1118,"Sri Jayachamarajendra College of Engineering, Mysore",Bg,Sangameshwara,bg.bgsangam@yahoo.com,Principal,Head,,
1121,"SVP Engineering College, Visakhapatnam",Prasanna,Kumary,principal@svpec.edu.in,Principal,Head,,
1124,"Truba College of Engineering and Technology, Indore",Sudhir,Agrawal,sudhiragrawal@trubainstitute.ac.in,Principal,Head,,
1128,"Visvesvaraya National Institute of Technology, Nagpur",Narendras.,Chaudhari,director@vnit.ac.in,Director,Head,,
1129,"VIT University, Vellore",T.S.,Thiagarajan,registrar@vit.ac.in,Principal,Head,,
1130,"Walchand College of Engineering, Sangli",G.V.,Parishwad,director@walchandsangli.ac.in,Director,Head,,
1132,"Sir Padampat Singhania University, Udaipur",Pradipc.,Deka,pradip.deka@spsu.ac.in,Vice Chancellor,Head,,
1133,"National Institute of Technology, Agartala",Gopal,Mugeraya,nita.director@gmail.com,Director,Head,,
1135,"Periyar Maniammai University, Vallam",S.,Sridharan,registrar@pmu.edu,Registrar,Head,,
1136,"PSG College of Technology, Coimbatore",R.,Rudramoorthy,principal@psgtech.ac.in,Principal,Head,,
1137,"R. K. University, School of Engineering and Technology, Rajkot",Ajitkumar,Nshukla,ajit.shukla@rku.ac.in,Director,Head,,
1139,"Rajarambapu Institute of Technology, Islampur",S.S.,Kulkarni,sushma.kulkarni@ritindia.edu,Director,Head,,
1147,"Kongu Engineering College, Perunduarai",S.,Kuppuswami,principal@kongu.ac.in,Principal,Head,,
1151,"SRM University, Kancheepuram",C.,Muthamizhchelvan,director.et@srmuniv.ac.in,Director,Head,,
1155,"Yeshwantrao Chavan College of Engineering, Nagpur",U.P.,Waghe,udaywaghe@yahoo.com,Principal,Head,,
1156,"National Institute of Technology Karnataka, Surathkal",Swapan,Bhattacharya,director@nitk.ac.in,Director,Head,,
1157,"Sona College of Technology, Salem",Jayaprakash,V.,principal@sonatech.ac.in,Principal,Head,,
1158,"National Institute of Technology, Durgapur",Tarkeshwar,Kumar,director@admin.nitdgp.ac.in,Director,Head,,
1173,"Thiagarajar College of Engineering, Madurai",Abhaikumar,V.,principal@tce.edu,Principal,Head,,
1184,"National Institute of Technology, Silchar",N.V.,Deshpande,nishu1952@yahoo.com,Director,Head,,
1190,"Symbiosis Institute of Computer Studies and Research, Pune",Lalit,Kathpalia,director@sicsr.ac.in,Director,Head,,
1225,"B. M. S. College of Engineering, Bangalore",Mallikharjuna,Babuk,drkmbabu@gmail.com,Principal,Head,,
1235,"Dr. Mahalingam College of Engineering and Technology, Pollachi",M.,Ramakrishnan,principal@drmcet.ac.in,Principal,Head,,
1264,"Shoolini University, Solan",Arvind,Nanda,arvind.nanda@shooliniuniversity.com,Director,Head,,
1265,"Madhav Institute of Technology and Science, Gwalior",Sanjeev,Jain,dr_sanjeevjain@yahoo.com,Director,Head,,
1295,"GITAM University, Hyderabad",Ch.,Sanjay,principal_hydcampus@gitam.in,Director,Head,,
1313,"K. S. Rangasamy College of Technology, Tiruchengode",K.,Thyagarajah,principal@ksrct.ac.in,Principal,Head,,
1318,"Amity University, Gurgaon",R.C.,Sharma,vcauh@ggn.amity.edu,Vice Chancellor,Head,,
1319,"Mukesh Patel School of Technology Management and Engineering, Vile Parle",Sharady.,Mhaiskar,sharad.mhaiskar@nmims.edu,Director,Head,,
1322,"CHARUSAT Charotar University Of Science and Technology, Changa",AshwinkumarD.,Patel,adpatel.cspit@charusat.ac.in,Principal,Head,,
1333,"Mody University of Science and Technology, Lakshmangarh",J.V.,Desai,dean.fet@modyuniversity.ac.in,Principal,Head,,
1335,"JIS College of Engineering, Kalyani",Subratakumar,Mitra,principal_jisce@jisgroup.org,Principal,Head,,
1340,"National Institute of Technology, Rourkela",Sunilkumar,Sarangi,director@nitrkl.ac.in,Director,Head,,
1344,"National Institute of Technology, Manipur",Sarungbambirendra,Singh,drbiren@nitmanipur.ac.in,Director,Head,,
1348,"Gayatri Vidya Parishad College of Engineering (Autonomous), Visakhapatnam",A.B.Koteswara,Rao,principal@gvpce.ac.in,Principal,Head,,
1352,"VNR Vignana Jyothi Institute of Engineering and Technology, Hyderabad",C.Kiran,Mai,principal@vnrvjiet.ac.in,Principal,Head,,
1140,"Sastra University, Thanjavur",R.,Sethuraman,sethuraman@sastra.edu,Vice Chancellor,Head,,
1071,"Amrita Vishwa Vidyapeetham, Coimbatore",Sasangan,Ramanathan,sasangan@amrita.edu,Director,Head,,
1105,"Nitte Meenakshi Institute of Technology, Yelahanka",HC,Nagaraj,principal@nmit.ac.in,Principal,Head,,
1070,"Amrita School of Engineering, Bangalore",S.G,Rakesh,principal@blr.amrita.edu,Principal,Head,,
1345,"Audisankara College of Engineering and Technology, Gudur",V.Krishna,Kumar,audisankaracet@gmail.com,Principal,Head,,
