RCID,InstituteName,First Name,Last Name,Email,Designation,Role,Course,Status
1012,"G. H. Raisoni College of Engineering, Nagpur",J.J.,Shah,jagruti.shah@raisoni.net,Assistant Professor,Teacher,CS101.1xA15,
1012,"G. H. Raisoni College of Engineering, Nagpur",Umesh,Sakhare,umesh.sakhare@raisoni.net,Assistant Professor,Teacher,CS101.1xA15,
1012,"G. H. Raisoni College of Engineering, Nagpur",Nisha,Raote,nisha.raote@raisoni.net,Assistant Professor,Teacher,CS101.1xA15,
1013,"Mepco Schlenk Engineering College, Sivakasi",S.,Rajesh,srajesh@mepcoeng.ac.in,Assistant Professor,Teacher,CS101.1xA15,
1013,"Mepco Schlenk Engineering College, Sivakasi",S.,Kavipriya,urskavi@mepcoeng.ac.in,Assistant Professor,Teacher,CS101.1xA15,
1013,"Mepco Schlenk Engineering College, Sivakasi",S.,Vanithasivakami,svanitha@mepcoeng.ac.in,Associate Professor,Teacher,CS101.1xA15,
1013,"Mepco Schlenk Engineering College, Sivakasi",S.,Thavasi,sktthavasi@mepcoeng.ac.in,Assistant Professor,Teacher,CS101.1xA15,
1013,"Mepco Schlenk Engineering College, Sivakasi",S.,Santhi,santhicse@mepcoeng.ac.in,Assistant Professor,Teacher,CS101.1xA15,
1013,"Mepco Schlenk Engineering College, Sivakasi",S.,Nareshkumar,nareshkumarnathan@gmail.com,Assistant Professor,Teacher,CS101.1xA15,
1013,"Mepco Schlenk Engineering College, Sivakasi",K.,Kangaraj,kanagaraj@mepcoeng.ac.in,Assistant Professor,Teacher,CS101.1xA15,
1013,"Mepco Schlenk Engineering College, Sivakasi",N.,Sundareswaran,vethasundares@gmail.com,Assistant Professor,Teacher,CS101.1xA15,
1013,"Mepco Schlenk Engineering College, Sivakasi",K.,Madhana,ksmadhana11@gmail.com,Assistant Professor,Teacher,CS101.1xA15,
1013,"Mepco Schlenk Engineering College, Sivakasi",I.,Kathir,ikathir@mepcoeng.ac.in,Associate Professor,Teacher,CS101.1xA15,
1013,"Mepco Schlenk Engineering College, Sivakasi",A.,Sivaprakash,sivahp@mepcoeng.ac.in,Assistant Professor,Teacher,CS101.1xA15,
1016,"K. J. Somaiya College of Engineering, Vidyavihar",Rajani,Pamnani,rajaniaswani@somaiya.edu,Assistant Professor,Teacher,CS101.1xA15,
1016,"K. J. Somaiya College of Engineering, Vidyavihar",Sheetal,Pereira,sheetalpereira@somaiya.edu,Assistant Professor,Teacher,CS101.1xA15,
1016,"K. J. Somaiya College of Engineering, Vidyavihar",shweta,Chachra,shweta.chachra@somaiya.edu,Assistant Professor,Teacher,CS101.1xA15,
1016,"K. J. Somaiya College of Engineering, Vidyavihar",Avani,Sakharpa,avanisakharpa@somaiya.edu,Assistant Professor,Teacher,CS101.1xA15,
1016,"K. J. Somaiya College of Engineering, Vidyavihar",Ravindra,Divekar,ravindradivekar@somaiya.edu,Assistant Professor,Teacher,CS101.1xA15,
1018,"Samrat Ashok Technological Institute, Vidisha",Ritu,Shukla,ritu.shukla07@gmail.com,Assistant Professor,Teacher,CS101.1xA15,
1018,"Samrat Ashok Technological Institute, Vidisha",Satish,Deharia,satishdehriya@gmail.com,Assistant Professor,Teacher,CS101.1xA15,
1018,"Samrat Ashok Technological Institute, Vidisha",Gagnan,Vishwakarma,gagan.v.sati@gmail.com,Assistant Professor,Teacher,CS101.1xA15,
1018,"Samrat Ashok Technological Institute, Vidisha",Parul,Shah,parulsinha@gmail.com,Assistant Professor,Teacher,CS101.1xA15,
1018,"Samrat Ashok Technological Institute, Vidisha",AbhiShek,Mathur,abhi_math2@yahoo.com,Assistant Professor,Teacher,CS101.1xA15,
1025,"National Institute of Technology, Warangal",RashmiRanjan,Rout,rashrr@nitw.ac.in,Assistant Professor,Teacher,CS101.1xA15,
1025,"National Institute of Technology, Warangal",T.,Ramakrishnudu,trk@nitw.ac.in,Assistant Professor,Teacher,CS101.1xA15,
1025,"National Institute of Technology, Warangal",KV,Kadambari,kadambari@nitw.ac.in,Assistant Professor,Teacher,CS101.1xA15,
1040,"College of Engineering, Pune",Rajani,Moona,rajnimoona@yahoo.com,Assistant Professor,Teacher,CS101.1xA15,
1040,"College of Engineering, Pune",Nichay,Mhartre,nishchay.comp@coep.ac.in,Assistant Professor,Teacher,CS101.1xA15,
1040,"College of Engineering, Pune",Rahul,Adhav,rba.comp@coep.ac.in,Assistant Professor,Teacher,CS101.1xA15,
1040,"College of Engineering, Pune",Shirish,Gosavi,spg.comp@coep.ac.in,Assistant Professor,Teacher,CS101.1xA15,
1040,"College of Engineering, Pune",S.N.,Ghotakar,sng.comp@coep.ac.in,Assistant Professor,Teacher,CS101.1xA15,
1073,"Bannari Amman Institute of Technology, Erode",D.,Sasikala,sasikalad@bitsathy.ac.in,Associate Professor,Teacher,CS101.1xA15,
1073,"Bannari Amman Institute of Technology, Erode",S.,Logeswari,logeswaris@bitsathy.ac.in,Associate Professor,Teacher,CS101.1xA15,
1080,"Gokaraju Rangaraju Institute of Engineering and Technology, Hyderabad",A.Kapil,Kumar,a.kapilkumar30@gmail.com,Assistant Professor,Teacher,CS101.1xA15,
1103,"NMIMS MPSTME, Shirpur",Nitin,Chavan,Nitin.Chavan@nmi.edu,Assistant Professor,Teacher,CS101.1xA15,
1103,"NMIMS MPSTME, Shirpur",Sonia,Relan,Sonia.Relan@nmi.edu,Assistant Professor,Teacher,CS101.1xA15,
1118,"Sri Jayachamarajendra College of Engineering, Mysore",A.M.,Chandrashekhar,amcsjce@yahoo.com,Assistant Professor,Teacher,CS101.1xA15,
1118,"Sri Jayachamarajendra College of Engineering, Mysore",K.S.,Mahesh,ks_mahesh@hotmail.com,Assistant Professor,Teacher,CS101.1xA15,
1118,"Sri Jayachamarajendra College of Engineering, Mysore",Sri,Nath,srinath_mysore@yahoo.com,Assistant Professor,Teacher,CS101.1xA15,
1118,"Sri Jayachamarajendra College of Engineering, Mysore",S.,Manjula,j_sm@rediffmail.com,Assistant Professor,Teacher,CS101.1xA15,
1118,"Sri Jayachamarajendra College of Engineering, Mysore",Anandraj,Ulle,anandulle@gmail.com,Assistant Professor,Teacher,CS101.1xA15,
1118,"Sri Jayachamarajendra College of Engineering, Mysore",R.J.,Prathibha,rjprathibha@gmail.com,Assistant Professor,Teacher,CS101.1xA15,
1118,"Sri Jayachamarajendra College of Engineering, Mysore",S.P.,Shivaprakash,shivasp26@gmail.com,Assistant Professor,Teacher,CS101.1xA15,
1124,"Truba College of Engineering and Technology, Indore",PraveenKumar,Gautam,pkgautam@trubainstitute.ac.in,Assistant Professor,Teacher,CS101.1xA15,
1130,"Walchand College of Engineering, Sangli",Manish,Narnavare,manish.narnaware@walchandsangli.ac.in,Assistant Professor,Teacher,CS101.1xA15,
1130,"Walchand College of Engineering, Sangli",Medha,Shah,medha.shah@walchandsangli.ac.in,Assistant Professor,Teacher,CS101.1xA15,
1132,"Sir Padampat Singhania University, Udaipur",SGuha,Neogi,subhrendu.neogi@spsu.ac.in,Assistant Professor,Teacher,CS101.1xA15,
1132,"Sir Padampat Singhania University, Udaipur",Ashutosh,Gupta,ashu.gupta@spsu.ac.in,Assistant Professor,Teacher,CS101.1xA15,
1135,"Periyar Maniammai University, Vallam",Arivu,Chelvan,arivu@pmu.edu,Assistant Professor,Teacher,CS101.1xA15,
1135,"Periyar Maniammai University, Vallam",P.,Ilangovan,ilangovanp@pmu.edu,Assistant Professor,Teacher,CS101.1xA15,
1135,"Periyar Maniammai University, Vallam",Nirmala,Sherine,sherineit@pmu.edu,Assistant Professor,Teacher,CS101.1xA15,
1136,"PSG College of Technology, Coimbatore",B.,Sangeetha,sangeethabalaji05@gmail.com,Assistant Professor,Teacher,CS101.1xA15,
1136,"PSG College of Technology, Coimbatore",N.Ravitha,Rajalakshmi,myravithar@gmail.com,Assistant Professor,Teacher,CS101.1xA15,
1139,"Rajarambapu Institute of Technology, Islampur",Varsha,Lokare,varsha.lokare@ritindia.edu,Assistant Professor,Teacher,CS101.1xA15,
1139,"Rajarambapu Institute of Technology, Islampur",Atul,Pawar,atul.pawar@ritindia.edu,Assistant Professor,Teacher,CS101.1xA15,
1140,"Sastra University, Thanjavur",S.V,Poornima,poornima@cse.sastra.edu,Assistant Professor,Teacher,CS101.1xA15,
1155,"Yeshwantrao Chavan College of Engineering, Nagpur",R.S.,Bhanuse,roshanbhanuse15@gmail.com,Assistant Professor,Teacher,CS101.1xA15,
1155,"Yeshwantrao Chavan College of Engineering, Nagpur",S.W,Shende,shailendra.shende@gmail.com,Assistant Professor,Teacher,CS101.1xA15,
1155,"Yeshwantrao Chavan College of Engineering, Nagpur",S.G,Kale,s12_kale@yahoo.com,Assistant Professor,Teacher,CS101.1xA15,
1155,"Yeshwantrao Chavan College of Engineering, Nagpur",Sachin,Jain,sachinjain98440@rediffmail.com,Assistant Professor,Teacher,CS101.1xA15,
1155,"Yeshwantrao Chavan College of Engineering, Nagpur",M.S,Deshkar,pmilind_deshkar@yahoo.com,Assistant Professor,Teacher,CS101.1xA15,
1155,"Yeshwantrao Chavan College of Engineering, Nagpur",B.U,Bawankar,bawankar_bhushan@yahoo.co.in,Assistant Professor,Teacher,CS101.1xA15,
1155,"Yeshwantrao Chavan College of Engineering, Nagpur",A.D,Gaikwad,amolgaikwad.ag@gmail.com,Assistant Professor,Teacher,CS101.1xA15,
1155,"Yeshwantrao Chavan College of Engineering, Nagpur",P.G,Jaiswal,pgj.ycce@gmail.com,Assistant Professor,Teacher,CS101.1xA15,
1155,"Yeshwantrao Chavan College of Engineering, Nagpur",Yogesh,Golhar,yj999@gmail.com,Assistant Professor,Teacher,CS101.1xA15,
1155,"Yeshwantrao Chavan College of Engineering, Nagpur",Samir,Ajani,samir.ajani@gmail.com,Assistant Professor,Teacher,CS101.1xA15,
1155,"Yeshwantrao Chavan College of Engineering, Nagpur",S.S.,Chavhan,schavhansushil@gmail.com,Assistant Professor,Teacher,CS101.1xA15,
1155,"Yeshwantrao Chavan College of Engineering, Nagpur",Pankaj,Hatwar,hatwar.pankj@gmail.com,Assistant Professor,Teacher,CS101.1xA15,
1155,"Yeshwantrao Chavan College of Engineering, Nagpur",Disha,Gupta,disha.914@gmail.com,Assistant Professor,Teacher,CS101.1xA15,
1155,"Yeshwantrao Chavan College of Engineering, Nagpur",Kamal,Hajari,kamalhajari123@gmail.com,Assistant Professor,Teacher,CS101.1xA15,
1155,"Yeshwantrao Chavan College of Engineering, Nagpur",Mayur,Khante,mayurkhante786@gmail.com,Assistant Professor,Teacher,CS101.1xA15,
1156,"National Institute of Technology Karnataka, Surathkal",Jeny,Rajan,jenyrajan@gmail.com,Assistant Professor,Teacher,CS101.1xA15,
1157,"Sona College of Technology, Salem",S.,Sasikala,sasikala@sonatech.ac.in,Assistant Professor,Teacher,CS101.1xA15,
1157,"Sona College of Technology, Salem",S.,Uma,uma@sonatech.ac.in,Assistant Professor,Teacher,CS101.1xA15,
1157,"Sona College of Technology, Salem",K.,Karpagavani,karpagavani@sonatech.ac.in,Assistant Professor,Teacher,CS101.1xA15,
1157,"Sona College of Technology, Salem",S.,Vidhya,vidhyas@sonatech.ac.in,Assistant Professor,Teacher,CS101.1xA15,
1157,"Sona College of Technology, Salem",M.,Janani,jananim@sonatech.ac.in,Assistant Professor,Teacher,CS101.1xA15,
1157,"Sona College of Technology, Salem",K.,Sridevi,sridevik@sonatech.ac.in,Assistant Professor,Teacher,CS101.1xA15,
1157,"Sona College of Technology, Salem",P.,Abinaya,abinayap@sonatech.ac.in,Assistant Professor,Teacher,CS101.1xA15,
1157,"Sona College of Technology, Salem",K.,Vaishnavi,vaishnavi@sonatech.ac.in,Assistant Professor,Teacher,CS101.1xA15,
1158,"National Institute of Technology, Durgapur",Bibhash,Sen,bibhash.sen@gmail.com,Assistant Professor,Teacher,CS101.1xA15,
1190,"Symbiosis Institute of Computer Studies and Research, Pune",Harshad,Gune,harshad@sicsr.ac.in,Associate Professor,Teacher,CS101.1xA15,
1225,"B. M. S. College of Engineering, Bangalore",Gururaja,Hs,gururajhs.ise@bce.ac.in,Assistant Professor,Teacher,CS101.1xA15,
1225,"B. M. S. College of Engineering, Bangalore",Rajeshwari,K.,rajeshwarik.ise@bce.ac.in,Assistant Professor,Teacher,CS101.1xA15,
1225,"B. M. S. College of Engineering, Bangalore",PrasannaKumar,Mk,Prasannamk.tce@bce.ac.in,Assistant Professor,Teacher,CS101.1xA15,
1225,"B. M. S. College of Engineering, Bangalore",Pallavi,Gb,pallavi.cse@bce.ac.in,Assistant Professor,Teacher,CS101.1xA15,
1225,"B. M. S. College of Engineering, Bangalore",Nandini,Vineeth,nandhiniv.cse@bce.ac.in,Assistant Professor,Teacher,CS101.1xA15,
1225,"B. M. S. College of Engineering, Bangalore",Pradeep,S.,pradeep.cse@bce.ac.in,Assistant Professor,Teacher,CS101.1xA15,
1264,"Shoolini University, Solan",Meenakshi,Nayyer,meenakshinayyer@shooliniuniversity.com,Assistant Professor,Teacher,CS101.1xA15,
1264,"Shoolini University, Solan",Namita,Gandotra,namita@shooliniuniversity.com,Assistant Professor,Teacher,CS101.1xA15,
1265,"Madhav Institute of Technology and Science, Gwalior",RajniRanjanSingh,Makwana,rrsingh@mitsgwalior.in,Assistant Professor,Teacher,CS101.1xA15,
1265,"Madhav Institute of Technology and Science, Gwalior",Manish,Dixit,dixitmits@gmail.com,Assistant Professor,Teacher,CS101.1xA15,
1265,"Madhav Institute of Technology and Science, Gwalior",Khushboo,Agarwal,ka.agarwal5@gmail.com,Assistant Professor,Teacher,CS101.1xA15,
1265,"Madhav Institute of Technology and Science, Gwalior",PunitKumar,Johri,punitbhopal2006@gmail.com,Assistant Professor,Teacher,CS101.1xA15,
1265,"Madhav Institute of Technology and Science, Gwalior",Neha,Bharadwaj,bhardwaj.neha08@gmail.com,Assistant Professor,Teacher,CS101.1xA15,
1265,"Madhav Institute of Technology and Science, Gwalior",Saumil,Maheshwari,saumilmaheshwari@yahoo.co.in,Assistant Professor,Teacher,CS101.1xA15,
1295,"GITAM University, Hyderabad",V.,Sujatha,varadi.sujatha@gitam.in,Assistant Professor,Teacher,CS101.1xA15,
1295,"GITAM University, Hyderabad",V.,Sandhya,sandhyav@gitam.in,Assistant Professor,Teacher,CS101.1xA15,
1295,"GITAM University, Hyderabad",B.,Jyothi,Jyothi.maya@gmail.com,Assistant Professor,Teacher,CS101.1xA15,
1318,"Amity University, Gurgaon",Ashima,Gambhir,agambhir@ggn.amity.edu,Assistant Professor,Teacher,CS101.1xA15,
1318,"Amity University, Gurgaon",Neha,Bhateja,nbhateja@ggn.amity.edu,Assistant Professor,Teacher,CS101.1xA15,
1318,"Amity University, Gurgaon",MrAnujK,Singh,aksingh@ggn.amity.edu,Assistant Professor,Teacher,CS101.1xA15,
1318,"Amity University, Gurgaon",Meenu,Vijrania,mvijarania@ggn.amity.edu,Assistant Professor,Teacher,CS101.1xA15,
1318,"Amity University, Gurgaon",MrAnkit,Garg,agarg1@ggn.amity.edu,Assistant Professor,Teacher,CS101.1xA15,
1318,"Amity University, Gurgaon",DrSunil,Sikka,ssikka@ggn.amity.edu,Assistant Professor,Teacher,CS101.1xA15,
1319,"Mukesh Patel School of Technology Management and Engineering, Vile Parle",Binny,Khanna,Binny.khanna@nmi.edu,Assistant Professor,Teacher,CS101.1xA15,
1319,"Mukesh Patel School of Technology Management and Engineering, Vile Parle",Satish,Salunkhe,satish.salunkhe@nmi.edu,Assistant Professor,Teacher,CS101.1xA15,
1319,"Mukesh Patel School of Technology Management and Engineering, Vile Parle",Poonam,Gupta,poonam.gupta@nmi.edu,Assistant Professor,Teacher,CS101.1xA15,
1319,"Mukesh Patel School of Technology Management and Engineering, Vile Parle",Prajakta,Pawar,prajakta.pawar@nmi.edu,Assistant Professor,Teacher,CS101.1xA15,
1319,"Mukesh Patel School of Technology Management and Engineering, Vile Parle",Krishna,Samdani,Krishna.samdani@nmi.edu,Assistant Professor,Teacher,CS101.1xA15,
1319,"Mukesh Patel School of Technology Management and Engineering, Vile Parle",Radhika,Chapaneri,radhikachapaneri@gmail.com,Assistant Professor,Teacher,CS101.1xA15,
1319,"Mukesh Patel School of Technology Management and Engineering, Vile Parle",Paulami,Shah,paulami.shah@nmi.edu,Assistant Professor,Teacher,CS101.1xA15,
1319,"Mukesh Patel School of Technology Management and Engineering, Vile Parle",Nidhi,Sharda,nidhi.sharda@nmi.edu,Assistant Professor,Teacher,CS101.1xA15,
1319,"Mukesh Patel School of Technology Management and Engineering, Vile Parle",Raminder,Kaur,raminderkaur.nagra@nmi.edu,Assistant Professor,Teacher,CS101.1xA15,
1319,"Mukesh Patel School of Technology Management and Engineering, Vile Parle",Dharmesh,Rathod,dharmesh.rathod@nmi.edu,Assistant Professor,Teacher,CS101.1xA15,
1322,"CHARUSAT Charotar University Of Science and Technology, Changa",Chintan,Gajjar,chintangajjar.it@charusat.ac.in,Assistant Professor,Teacher,CS101.1xA15,
1322,"CHARUSAT Charotar University Of Science and Technology, Changa",Hemant,Yadav,hemantyadav.it@charusat.ac.in,Assistant Professor,Teacher,CS101.1xA15,
1322,"CHARUSAT Charotar University Of Science and Technology, Changa",Hardik,Jayswal,hardikjayswal.it@charusat.ac.in,Lecturer,Teacher,CS101.1xA15,
1322,"CHARUSAT Charotar University Of Science and Technology, Changa",Ravi,Patel,ravipatel.it@charusat.ac.in,Assistant Professor,Teacher,CS101.1xA15,
1322,"CHARUSAT Charotar University Of Science and Technology, Changa",Mayur,Patel,mayurpatel.ce@charusat.ac.in,Assistant Professor,Teacher,CS101.1xA15,
1322,"CHARUSAT Charotar University Of Science and Technology, Changa",Ditixa,Vyas,ditixavyas.ce@charusat.ac.in,Assistant Professor,Teacher,CS101.1xA15,
1322,"CHARUSAT Charotar University Of Science and Technology, Changa",Kruti,Dhyani,krutidhyani.ce@charusat.ac.in,Assistant Professor,Teacher,CS101.1xA15,
1322,"CHARUSAT Charotar University Of Science and Technology, Changa",Mayuri,Popat,mayuripopat.ce@charusat.ac.in,Assistant Professor,Teacher,CS101.1xA15,
1333,"Mody University of Science and Technology, Lakshmangarh",M.,Ghosh,moumitaghosh.fet@modyuniversity.ac.in,Assistant Professor,Teacher,CS101.1xA15,
1333,"Mody University of Science and Technology, Lakshmangarh",Swati,G.,swatigarg.fet@modyuniversity.ac.in,Assistant Professor,Teacher,CS101.1xA15,
1333,"Mody University of Science and Technology, Lakshmangarh",S.,Tiwari,shamiktiwari.fet@modyuniversity.ac.in,Assistant Professor,Teacher,CS101.1xA15,
1340,"National Institute of Technology, Rourkela",Suchismita,Chinara,suchismita@nitrkl.ac.in,Assistant Professor,Teacher,CS101.1xA15,
1340,"National Institute of Technology, Rourkela",K.,Sathyababu,ksathyababu@nitrkl.ac.in,Assistant Professor,Teacher,CS101.1xA15,
1340,"National Institute of Technology, Rourkela",RameshK,Mahapatra,mohapatrak@nitrkl.ac.in,Assistant Professor,Teacher,CS101.1xA15,
1340,"National Institute of Technology, Rourkela",Pankaj,Kusa,pankajksa@nitrkl.ac.in,Assistant Professor,Teacher,CS101.1xA15,
1344,"National Institute of Technology, Manipur",Kh.Jayanta,Singh,khjayantasingh@gmail.com,Assistant Professor,Teacher,CS101.1xA15,
1345,"Audisankara College of Engineering and Technology, Gudur",K.Madhu,Babu,madhubabu.nits@gmail.com,Assistant Professor,Teacher,CS101.1xA15,
1345,"Audisankara College of Engineering and Technology, Gudur",G.,Sreenivasulu,gudalisrinivasulu@gmail.com,Assistant Professor,Teacher,CS101.1xA15,
1352,"VNR Vignana Jyothi Institute of Engineering and Technology, Hyderabad",S.,Baby,Baby_v@vnrvjiet.in,Assistant Professor,Teacher,CS101.1xA15,
1352,"VNR Vignana Jyothi Institute of Engineering and Technology, Hyderabad",V.,Nagini,nagini_s@vnrvjiet.in,Assistant Professor,Teacher,CS101.1xA15,
1265,"Madhav Institute of Technology and Science, Gwalior",R.K.,Gupta,iiitmrkg@gmail.com,Assistant Professor,Teacher,CS101.1xA15,
1265,"Madhav Institute of Technology and Science, Gwalior",Akhilesh,Tiwari,atiwari.mits@gmail.com,Assistant Professor,Teacher,CS101.1xA15,
1128,"Visvesvaraya National Institute of Technology, Nagpur",Poonam,Sharma,poonamsharma@cse.vnit.ac.in,Assistant Professor,Teacher,CS101.1xA15,
1007,"Amrita School of Engineering, Amritapuri",Prashant,Warrier,prasanthmw@am.amrita.edu,Assistant Professor,Teacher,EE210.1xA15,
1007,"Amrita School of Engineering, Amritapuri",Aswathy,Kr,aswathykr@am.amrita.edu,Assistant Professor,Teacher,EE210.1xA15,
1009,"Veermata Jijabai Technological Institute, Matunga",RA,Patil,rapatil@vjti.org.in,Assistant Professor,Teacher,EE210.1xA15,
1012,"G. H. Raisoni College of Engineering, Nagpur",Wani,Patil,wani.patil@raisoni.net,Assistant Professor,Teacher,EE210.1xA15,
1012,"G. H. Raisoni College of Engineering, Nagpur",P.H.,Rangaree,pankaj.rangaree@raisoni.net,Assistant Professor,Teacher,EE210.1xA15,
1012,"G. H. Raisoni College of Engineering, Nagpur",Madhuri,Babar,madhuri.babar@raisoni.net,Assistant Professor,Teacher,EE210.1xA15,
1012,"G. H. Raisoni College of Engineering, Nagpur",R.T,Bankar,rushikesh.bankar@raisoni.net,Assistant Professor,Teacher,EE210.1xA15,
1012,"G. H. Raisoni College of Engineering, Nagpur",Ankita,Pokale,ankita.pokale@raisoni.net,Assistant Professor,Teacher,EE210.1xA15,
1016,"K. J. Somaiya College of Engineering, Vidyavihar",samidha,Kulkarni,samidhakulkarni@somaiya.edu,Assistant Professor,Teacher,EE210.1xA15,
1016,"K. J. Somaiya College of Engineering, Vidyavihar",sushama,Kadge,sushamakadge@somaiya.edu,Assistant Professor,Teacher,EE210.1xA15,
1018,"Samrat Ashok Technological Institute, Vidisha",Smriti,Dubey,smriti.dubey2@gmail.com,Assistant Professor,Teacher,EE210.1xA15,
1018,"Samrat Ashok Technological Institute, Vidisha",Preeti,Swami,preetydswami@gmail.com,Associate Professor,Teacher,EE210.1xA15,
1025,"National Institute of Technology, Warangal",PHarikrishna,Prasad,phkp@nitw.ac.in,Associate Professor,Teacher,EE210.1xA15,
1040,"College of Engineering, Pune",Shilpa,Metkar,metkars.extc@coep.ac.in,Assistant Professor,Teacher,EE210.1xA15,
1070,"Amrita School of Engineering, Bangalore",K.Jeeva,Priya,k_jeevapriya@blr.amrita.edu,Assistant Professor,Teacher,EE210.1xA15,
1070,"Amrita School of Engineering, Bangalore",Susmitha,Vekkot,v_susmitha@blr.amrita.edu,Assistant Professor,Teacher,EE210.1xA15,
1070,"Amrita School of Engineering, Bangalore",Nidhi,Gangrade,g_nidhi@blr.amrita.edu,Assistant Professor,Teacher,EE210.1xA15,
1070,"Amrita School of Engineering, Bangalore",Lalitha,S.,s_lalitha@blr.amrita.edu,Assistant Professor,Teacher,EE210.1xA15,
1070,"Amrita School of Engineering, Bangalore",Sreekala,M.R.,m_sreekala@blr.amrita.edu,Assistant Professor,Teacher,EE210.1xA15,
1071,"Amrita Vishwa Vidyapeetham, Coimbatore",CHaran,Joshi,joshi_ch@amrita.edu,Assistant Professor,Teacher,ME209xA15,
1073,"Bannari Amman Institute of Technology, Erode",P.,Ramya,ramyap@bitsathy.ac.in,Assistant Professor,Teacher,EE210.1xA15,
1073,"Bannari Amman Institute of Technology, Erode",M.,Kalamanii,kalamanim@bitsathy.ac.in,Assistant Professor,Teacher,EE210.1xA15,
1080,"Gokaraju Rangaraju Institute of Engineering and Technology, Hyderabad",APNarasimha,Rao,apnrao@griet.in,Professor,Teacher,EE210.1xA15,
1080,"Gokaraju Rangaraju Institute of Engineering and Technology, Hyderabad",V.,Himabindu,valiveti.bindu@gmail.com,Assistant Professor,Teacher,EE210.1xA15,
1103,"NMIMS MPSTME, Shirpur",Amar,Khalore,Amar.Khalore@nmims.edu,Assistant Professor,Teacher,EE210.1xA15,
1103,"NMIMS MPSTME, Shirpur",Narendra,Vishwakarma,narendra.vishwakarma@nmims.edu,Assistant Professor,Teacher,EE210.1xA15,
1105,"Nitte Meenakshi Institute of Technology, Yelahanka",Shashidhar,Ks,sks.nmit@gmail.com,Assistant Professor,Teacher,EE210.1xA15,
1118,"Sri Jayachamarajendra College of Engineering, Mysore",S.,Raghavendra,ragvendra.mys@gmail.com,Assistant Professor,Teacher,EE210.1xA15,
1118,"Sri Jayachamarajendra College of Engineering, Mysore",V.,Nattarasu,nattarasu@gmail.com,Assistant Professor,Teacher,EE210.1xA15,
1118,"Sri Jayachamarajendra College of Engineering, Mysore",S.,Nanda,nanda_prabhu@yahoo.co.in,Assistant Professor,Teacher,EE210.1xA15,
1128,"Visvesvaraya National Institute of Technology, Nagpur",Ashwin,Dhabale,ad@eee.vnit.ac.in,Assistant Professor,Teacher,EE210.1xA15,
1129,"VIT University, Vellore",Nramesh,Babu,nrameshbabu@vit.ac.in,Associate Professor,Teacher,EE210.1xA15,
1129,"VIT University, Vellore",Amutha,Prabha,amuthaprabha@vit.ac.in,Assistant Professor,Teacher,EE210.1xA15,
1132,"Sir Padampat Singhania University, Udaipur",Amrit,Ghosh,amrit.ghosh@spsu.ac.in,Assistant Professor,Teacher,EE210.1xA15,
1133,"National Institute of Technology, Agartala",Anirban,Bhattacharjee,anirbanbh01@gmail.com,Assistant Professor,Teacher,EE210.1xA15,
1133,"National Institute of Technology, Agartala",Madhuparna,Chakraborty,mparna.chakraborty@gmail.com,Assistant Professor,Teacher,EE210.1xA15,
1135,"Periyar Maniammai University, Vallam",C.,Narmadha,narmadhaece@pmu.edu,Assistant Professor,Teacher,EE210.1xA15,
1139,"Rajarambapu Institute of Technology, Islampur",Namdeo,Gujalwar,namdeo.gujalwar@ritindia.edu,Assistant Professor,Teacher,EE210.1xA15,
1139,"Rajarambapu Institute of Technology, Islampur",Sanjay,Pardeshi,sanjay.pardeshi@ritindia.edu,Assistant Professor,Teacher,EE210.1xA15,
1140,"Sastra University, Thanjavur",N.S.,Manigandan,manigandanns@eie.sastra.edu,Assistant Professor,Teacher,EE210.1xA15,
1151,"SRM University, Kancheepuram",S.,Kolangiammal,kolangiammal.s@ktr.srmuniv.ac.in,Assistant Professor,Teacher,EE210.1xA15,
1151,"SRM University, Kancheepuram",A.Anilet,Bala,aniletbala.a@ktr.srmuniv.ac.in,Assistant Professor,Teacher,EE210.1xA15,
1151,"SRM University, Kancheepuram",R.,Manohari,manohari.r@ktr.srmuniv.ac.in,Assistant Professor,Teacher,EE210.1xA15,
1151,"SRM University, Kancheepuram",Sangeetha,M.,sangeetha.m@ktr.srmuniv.ac.in,Assistant Professor,Teacher,EE210.1xA15,
1151,"SRM University, Kancheepuram",A.,Rathinam,rathinam.a@ktr.srmuniv.ac.in,Assistant Professor,Teacher,EE210.1xA15,
1151,"SRM University, Kancheepuram",J.Vijay,Prabhu,vijayprabhu.j@ktr.srmuniv.ac.in,Assistant Professor,Teacher,EE210.1xA15,
1156,"National Institute of Technology Karnataka, Surathkal",HGirirsha,Navada,hgirishan@gmail.com,Assistant Professor,Teacher,EE210.1xA15,
1173,"Thiagarajar College of Engineering, Madurai",S.J.,Thiruvengadam,sjtece@tce.edu,Professor,Teacher,EE210.1xA15,
1173,"Thiagarajar College of Engineering, Madurai",P.G.S.,Velmurugan,pgsvels@tce.edu,Assistant Professor,Teacher,EE210.1xA15,
1184,"National Institute of Technology, Silchar",FazalAhmed,Talukdar,ftalukdar@gmail.com,Assistant Professor,Teacher,EE210.1xA15,
1235,"Dr. Mahalingam College of Engineering and Technology, Pollachi",Sudha,Shree,sudhashree@drmcet.ac,Associate Professor,Teacher,EE210.1xA15,
1295,"GITAM University, Hyderabad",Potti,Nagaraja,raja.pnr@gitam.edu,Assistant Professor,Teacher,EE210.1xA15,
1295,"GITAM University, Hyderabad",MariyaDasu,Mathe,mariya.dasu@gitam.edu,Assistant Professor,Teacher,EE210.1xA15,
1313,"K. S. Rangasamy College of Technology, Tiruchengode",P.,Babu,pbabu@ksrct.ac.in,Professor,Teacher,EE210.1xA15,
1313,"K. S. Rangasamy College of Technology, Tiruchengode",K.,Sivanandam,sivanandam@ksrct.ac.in,Assistant Professor,Teacher,EE210.1xA15,
1318,"Amity University, Gurgaon",ArunK,Singh,aksingh1@ggn.amity.edu,Assistant Professor,Teacher,EE210.1xA15,
1333,"Mody University of Science and Technology, Lakshmangarh",Manoj,Kumar,manojkumar.fet@modyuniversity.ac.in,Assistant Professor,Teacher,EE210.1xA15,
1335,"JIS College of Engineering, Kalyani",Nilotpal,Haldar,nilotpal.haldar@gmail.com,Assistant Professor,Teacher,EE210.1xA15,
1344,"National Institute of Technology, Manipur",S.Jayananda,Singh,jayananda@nitmanipur.ac.in,Assistant Professor,Teacher,EE210.1xA15,
1345,"Audisankara College of Engineering and Technology, Gudur",J.,Amarendra,amarendra.jadda@gmail.com,Assistant Professor,Teacher,EE210.1xA15,
1345,"Audisankara College of Engineering and Technology, Gudur",B.Mahesh,Kumar,Mahe3360@gmail.com,Assistant Professor,Teacher,EE210.1xA15,
1348,"Gayatri Vidya Parishad College of Engineering (Autonomous), Visakhapatnam",N.Deepika,Rani,deepu_nivas@gvpce.ac.in,Associate Professor,Teacher,EE210.1xA15,
1348,"Gayatri Vidya Parishad College of Engineering (Autonomous), Visakhapatnam",Ch.Kusuma,Kumari,chkusumasrinivas@gvpce.ac.in,Assistant Professor,Teacher,EE210.1xA15,
1348,"Gayatri Vidya Parishad College of Engineering (Autonomous), Visakhapatnam",M.,Neelima,mneelima@gvpce.ac.in,Assistant Professor,Teacher,EE210.1xA15,
1348,"Gayatri Vidya Parishad College of Engineering (Autonomous), Visakhapatnam",Ch.,Venkanna,chvenkanna@gvpce.ac.in,Assistant Professor,Teacher,EE210.1xA15,
1352,"VNR Vignana Jyothi Institute of Engineering and Technology, Hyderabad",S.Rajendra,Prasad,rajendraprasad_s@vnrvjiet.in,Associate Professor,Teacher,EE210.1xA15,
1352,"VNR Vignana Jyothi Institute of Engineering and Technology, Hyderabad",L.V.Rajani,Kumari,rajanikumari_lv@vnrvjiet.in,Assistant Professor,Teacher,EE210.1xA15,
1007,"Amrita School of Engineering, Amritapuri",Jaiganesh,N.,jaiganeshn@am.amrita.edu,Assistant Professor,Teacher,ME209xA15,
1007,"Amrita School of Engineering, Amritapuri",Rakesh,N.,rakeshn@am.amrita.edu,Assistant Professor,Teacher,ME209xA15,
1009,"Veermata Jijabai Technological Institute, Matunga",MV,Tendolkar,mvtendolkar@vjti.org.in,Assistant Professor,Teacher,ME209xA15,
1012,"G. H. Raisoni College of Engineering, Nagpur",Vinod,Wankar,vinod.wankar@raisoni.net,Assistant Professor,Teacher,ME209xA15,
1012,"G. H. Raisoni College of Engineering, Nagpur",P.S,Mahankar,prassana.mahankar@raisoni.net,Assistant Professor,Teacher,ME209xA15,
1012,"G. H. Raisoni College of Engineering, Nagpur",Kisana,Narnaware,kisana.narnaware@raisoni.net,Assistant Professor,Teacher,ME209xA15,
1012,"G. H. Raisoni College of Engineering, Nagpur",Yogesh,Nandanwar,yogesh.nandanwar@raisoni.net,Assistant Professor,Teacher,ME209xA15,
1013,"Mepco Schlenk Engineering College, Sivakasi",C.,Uthranarayan,fabuvn@gmail.com,Assistant Professor,Teacher,ME209xA15,
1013,"Mepco Schlenk Engineering College, Sivakasi",J.,Nagarajan,nagarajmepcoeng@gmail.com,Assistant Professor,Teacher,ME209xA15,
1013,"Mepco Schlenk Engineering College, Sivakasi",B.,Vijayaragavan,vijay.tnb08@gmail.com,Assistant Professor,Teacher,ME209xA15,
1016,"K. J. Somaiya College of Engineering, Vidyavihar",Atul,Bhave,agbhave@somaiya.edu,Professor,Teacher,ME209xA15,
1016,"K. J. Somaiya College of Engineering, Vidyavihar",Vijay,Shinde,vijayshinde@somaiya.edu,Assistant Professor,Teacher,ME209xA15,
1018,"Samrat Ashok Technological Institute, Vidisha",Sanjay,Katery,sanjaykatarey@hotmail.com,Professor,Teacher,ME209xA15,
1018,"Samrat Ashok Technological Institute, Vidisha",C.P.,Singh,chandra_id@rediffmail.com,Assistant Professor,Teacher,ME209xA15,
1018,"Samrat Ashok Technological Institute, Vidisha",S.K.,Dhakad,sk27_dhakad@yahoo.com,Assistant Professor,Teacher,ME209xA15,
1025,"National Institute of Technology, Warangal",GRK,Gupta,gupta@nitw.ac.in,Associate Professor,Teacher,ME209xA15,
1040,"College of Engineering, Pune",D.N.,Malkhede,dnm.mech@coep.ac.in,Assistant Professor,Teacher,ME209xA15,
1070,"Amrita School of Engineering, Bangalore",Vinod,Kotebavi,k_vinod@blr.amrita.edu,Assistant Professor,Teacher,ME209xA15,
1070,"Amrita School of Engineering, Bangalore",Divakar,Shetty,as_divakar@blr.amrita.edu,Assistant Professor,Teacher,ME209xA15,
1071,"Amrita Vishwa Vidyapeetham, Coimbatore",C.B,Rajesh,cb_rajesh@cb.amrita.edu,Assistant Professor,Teacher,EE210.1xA15,
1080,"Gokaraju Rangaraju Institute of Engineering and Technology, Hyderabad",R.,Karthikeyan,rkyen22@yahoo.com,Professor,Teacher,ME209xA15,
1103,"NMIMS MPSTME, Shirpur",Ashish,Mogra,Ashish.Mogra@nmims.edu,Assistant Professor,Teacher,ME209xA15,
1103,"NMIMS MPSTME, Shirpur",LavKumar,Bajpai,LavKumar.Bajpai@nmims.edu,Assistant Professor,Teacher,ME209xA15,
1103,"NMIMS MPSTME, Shirpur",Shitanshu,Sapre,Shitanshu.Sapre@nmims.edu,Assistant Professor,Teacher,ME209xA15,
1105,"Nitte Meenakshi Institute of Technology, Yelahanka",Chethan,Ks,chethan84@gmail.com,Assistant Professor,Teacher,ME209xA15,
1118,"Sri Jayachamarajendra College of Engineering, Mysore",H.,Yogish,h_yog@hotmail.com,Assistant Professor,Teacher,ME209xA15,
1124,"Truba College of Engineering and Technology, Indore",Ashutosh,Verma,ashutoshverma82@yahoo.com,Assistant Professor,Teacher,ME209xA15,
1124,"Truba College of Engineering and Technology, Indore",Rupesh,Barnasiya,barnasiya11@gmail.com,Lecturer,Teacher,ME209xA15,
1128,"Visvesvaraya National Institute of Technology, Nagpur",S.V.,Bopshetty,svbopshetty@mec.vnit.ac.in,Assistant Professor,Teacher,ME209xA15,
1132,"Sir Padampat Singhania University, Udaipur",satish,Ajmera,satish.ajmera@spsu.ac.in,Assistant Professor,Teacher,ME209xA15,
1133,"National Institute of Technology, Agartala",Abhik,Majumder,onlyabhik@gmail.com,Assistant Professor,Teacher,ME209xA15,
1133,"National Institute of Technology, Agartala",RajatSubhra,Das,raj.mech27@gmail.com,Assistant Professor,Teacher,ME209xA15,
1135,"Periyar Maniammai University, Vallam",S.,Balamurugan,pmumech11@gmail.com,Assistant Professor,Teacher,ME209xA15,
1135,"Periyar Maniammai University, Vallam",K.,Seeralan,kseeralan@gmail.com,Assistant Professor,Teacher,ME209xA15,
1137,"R. K. University, School of Engineering and Technology, Rajkot",Reena,Makadia,reena.makadia@rku.ac.in,Assistant Professor,Teacher,ME209xA15,
1137,"R. K. University, School of Engineering and Technology, Rajkot",Milan,Sanathara,milan.sanathara@rku.ac.in,Assistant Professor,Teacher,ME209xA15,
1139,"Rajarambapu Institute of Technology, Islampur",Sanjay,Kumbhar,sanjay.kumbhar@ritindia.edu,Assistant Professor,Teacher,ME209xA15,
1139,"Rajarambapu Institute of Technology, Islampur",Sharad,Patil,sharad.patil@ritindia.edu,Assistant Professor,Teacher,ME209xA15,
1139,"Rajarambapu Institute of Technology, Islampur",Suresh,Sawant,suresh.sawant@ritindia.edu,Professor,Teacher,ME209xA15,
1140,"Sastra University, Thanjavur",M.,Venkatesan,mvenkat@mech.sastra.edu,Assistant Professor,Teacher,ME209xA15,
1147,"Kongu Engineering College, Perunduarai",P.,Thangavel,ptvel@kongu.ac.in,Assistant Professor,Teacher,ME209xA15,
1147,"Kongu Engineering College, Perunduarai",A.,Santhoshkumar,santhoshmech@kongu.ac.in,Assistant Professor,Teacher,ME209xA15,
1147,"Kongu Engineering College, Perunduarai",A.,Tamilvanan,tamilmech@kongu.ac.in,Assistant Professor,Teacher,ME209xA15,
1147,"Kongu Engineering College, Perunduarai",A.,Abubakkar,abu.mech@kongu.ac.in,Assistant Professor,Teacher,ME209xA15,
1151,"SRM University, Kancheepuram",V.,Thirunavukkarasu,thirunavukkarasu.v@ktr.srmuniv.ac.in,Assistant Professor,Teacher,ME209xA15,
1151,"SRM University, Kancheepuram",M.,Sivashankar,sivashankar.m@ktr.srmuniv.ac.in,Assistant Professor,Teacher,ME209xA15,
1151,"SRM University, Kancheepuram",P.,Manojkumar,manojkumar.p@ktr.srmuniv.ac.in,Assistant Professor,Teacher,ME209xA15,
1151,"SRM University, Kancheepuram",R.K,Barathraj,barathraj.k@ktr.srmuniv.ac.in,Assistant Professor,Teacher,ME209xA15,
1151,"SRM University, Kancheepuram",G.,Jesurajendran,jesurajendran.g@ktr.srmuniv.ac.in,Assistant Professor,Teacher,ME209xA15,
1156,"National Institute of Technology Karnataka, Surathkal",Anishs,Anishs,anish.surendran@gmail.com,Assistant Professor,Teacher,ME209xA15,
1156,"National Institute of Technology Karnataka, Surathkal",AjayKumar,Yadav,2302.ajay@gmail.com,Assistant Professor,Teacher,ME209xA15,
1184,"National Institute of Technology, Silchar",Dipankar,Bhanja,dipankar.bhanja@gmail.com,Assistant Professor,Teacher,ME209xA15,
1225,"B. M. S. College of Engineering, Bangalore",Devaraj,K.,devarajk.mech@bmsce.ac.in,Assistant Professor,Teacher,ME209xA15,
1225,"B. M. S. College of Engineering, Bangalore",Manu,Kv,gvrmanu00@gmail.com,Assistant Professor,Teacher,ME209xA15,
1225,"B. M. S. College of Engineering, Bangalore",Ramesh,K.,rameshk.mech@bmsce.ac.in,Assistant Professor,Teacher,ME209xA15,
1225,"B. M. S. College of Engineering, Bangalore",Kavadiki,Veerabhadrappa,kavadiki.mech@bmsce.ac.in,Assistant Professor,Teacher,ME209xA15,
1225,"B. M. S. College of Engineering, Bangalore",Praphulla,R.,praphulla.rao@gmail.com,Assistant Professor,Teacher,ME209xA15,
1235,"Dr. Mahalingam College of Engineering and Technology, Pollachi",Ayyappan,S.,sayyappan@drmcet.ac,Assistant Professor,Teacher,ME209xA15,
1264,"Shoolini University, Solan",Robin,Thakur,robinthakur@shooliniuniversity.com,Assistant Professor,Teacher,ME209xA15,
1265,"Madhav Institute of Technology and Science, Gwalior",BhupendraKumar,Pandey,meet2bhupi@gmail.com,Assistant Professor,Teacher,ME209xA15,
1265,"Madhav Institute of Technology and Science, Gwalior",Jyoti,Dohare,jyoti027mits@gmail.com,Guest Lecturer,Teacher,ME209xA15,
1295,"GITAM University, Hyderabad",R.,Naresh,rachurinaresh@gitam.in,Assistant Professor,Teacher,ME209xA15,
1313,"K. S. Rangasamy College of Technology, Tiruchengode",M.,Venkatesan,venkatesanm1972@gmail.com,Assistant Professor,Teacher,ME209xA15,
1313,"K. S. Rangasamy College of Technology, Tiruchengode",R.,Prakash,velprakashr@gmail.com,Assistant Professor,Teacher,ME209xA15,
1313,"K. S. Rangasamy College of Technology, Tiruchengode",D.,Vasudevan,vasudevan.vi@gmail.com,Assistant Professor,Teacher,ME209xA15,
1313,"K. S. Rangasamy College of Technology, Tiruchengode",M.P,Karthick,karthickhpe@gmail.com,Assistant Professor,Teacher,ME209xA15,
1313,"K. S. Rangasamy College of Technology, Tiruchengode",A.,Kathiravan,kathiroptimist@gmail.com,Assistant Professor,Teacher,ME209xA15,
1344,"National Institute of Technology, Manipur",HuiremNeeranjan,Singh,nrjanh@nitmanipur.ac.in,Assistant Professor,Teacher,ME209xA15,
1345,"Audisankara College of Engineering and Technology, Gudur",D.,Suneetha,Suneetha0105@gmail.com,Assistant Professor,Teacher,ME209xA15,
1345,"Audisankara College of Engineering and Technology, Gudur",N.,Anjaneyulu,Aanjaneyulu.305@gmail.com,Assistant Professor,Teacher,ME209xA15,
1348,"Gayatri Vidya Parishad College of Engineering (Autonomous), Visakhapatnam",V.Dharma,Rao,vdharmarao@gvpce.ac.in,Assistant Professor,Teacher,ME209xA15,
1348,"Gayatri Vidya Parishad College of Engineering (Autonomous), Visakhapatnam",SriP,Sateesh,Sateeme62@gvpce.ac.in,Assistant Professor,Teacher,ME209xA15,
1352,"VNR Vignana Jyothi Institute of Engineering and Technology, Hyderabad",Jayashri,N.Nair,jayashri@vnrvjiet.in,Assistant Professor,Teacher,ME209xA15,
1352,"VNR Vignana Jyothi Institute of Engineering and Technology, Hyderabad",K.,Krishnamurthy,krishnamurthy_k@vnrvjiet.in,Assistant Professor,Teacher,ME209xA15,
1151,"SRM University, Kancheepuram",C.Rajesh,Babu,rajeshbabu.c@ktr.srmuniv.ac.in,Assistant Professor,Teacher,CS101.1xA15,
1151,"SRM University, Kancheepuram",C.,Jothikumar,jothikumar.c@ktr.srmuniv.ac.in,Assistant Professor,Teacher,CS101.1xA15,
1151,"SRM University, Kancheepuram",Vaishnavi,Moorthy,vaishnavi.m@ktr.srmuniv.ac.in,Assistant Professor,Teacher,CS101.1xA15,
1151,"SRM University, Kancheepuram",K.,Deeba,deeba.k@ktr.sramuniv.ac.in,Assistant Professor,Teacher,CS101.1xA15,
1070,"Amrita School of Engineering, Bangalore",Bhanuprakash,S.,b_prakash@blr.amrita.edu,Assistant Professor,Teacher,ME209xA15,
